year_pool,year,transect_name,num_quad
2021_BM-01,2021,BM-01,11
2021_FSP-01,2021,FSP-01,15
2021_GL-02,2021,GL-02,11
2021_GL-07,2021,GL-07,10
2021_GL-09,2021,GL-09,11
2021_GL-10,2021,GL-10,11
2021_GL-11,2021,GL-11,11
2021_GL-12,2021,GL-12,11
2021_GL-14,2021,GL-14,11
2021_GL-15,2021,GL-15,10
2021_PU-01,2021,PU-01,9
2021_PU-02,2021,PU-02,11
2021_PU-03,2021,PU-03,11
2021_PU-04,2021,PU-04,11
2021_PU-05,2021,PU-05,11
2021_PU-06,2021,PU-06,11
2021_PU-07,2021,PU-07,11
2021_SA-01,2021,SA-01,11
2021_SF-01,2021,SF-01,11
2021_SF-02,2021,SF-02,11
2021_SML-01,2021,SML-01,11
2021_SML-02,2021,SML-02,10
2021_SML-03,2021,SML-03,11
2021_SML-04,2021,SML-04,11
2021_SML-05,2021,SML-05,11
2021_SML-06,2021,SML-06,11
2021_SML-07,2021,SML-07,11
2021_SMM-01,2021,SMM-01,11
2021_SMM-02,2021,SMM-02,11
2021_SMM-03,2021,SMM-03,11
2021_SMM-04,2021,SMM-04,11
2021_SMM-05,2021,SMM-05,11
2021_SMM-06,2021,SMM-06,11
2021_SMM-07,2021,SMM-07,11
2021_SMR-01,2021,SMR-01,11
2021_SMR-02,2021,SMR-02,11
2021_SMT-01,2021,SMT-01,10
2021_SMT-02,2021,SMT-02,11
2021_SMT-05,2021,SMT-05,11
2021_SMT-06,2021,SMT-06,11
2021_SMT-07,2021,SMT-07,11
2021_SMTH-18,2021,SMTH-18,11
2021_SMTH-21,2021,SMTH-21,11
2021_SMTH-22,2021,SMTH-22,11
2021_VP-01,2021,VP-01,25
2021_VP-02,2021,VP-02,15
2021_VP-03,2021,VP-03,25
2021_VP-04,2021,VP-04,20
2021_VP-05,2021,VP-05,15
2021_VP-06,2021,VP-06,16
2021_VP-07,2021,VP-07,18
2021_VP-08,2021,VP-08,17
2022_BM-01,2022,BM-01,11
2022_FSP-01,2022,FSP-01,15
2022_GL-02,2022,GL-02,11
2022_GL-07,2022,GL-07,11
2022_GL-09,2022,GL-09,11
2022_GL-10,2022,GL-10,11
2022_GL-11,2022,GL-11,11
2022_GL-12,2022,GL-12,11
2022_GL-14,2022,GL-14,11
2022_GL-15,2022,GL-15,12
2022_PU-01,2022,PU-01,11
2022_PU-02,2022,PU-02,11
2022_PU-03,2022,PU-03,11
2022_PU-04,2022,PU-04,11
2022_PU-05,2022,PU-05,11
2022_PU-06,2022,PU-06,11
2022_PU-07,2022,PU-07,11
2022_SA-01,2022,SA-01,11
2022_SF-01,2022,SF-01,11
2022_SF-02,2022,SF-02,11
2022_SML-01,2022,SML-01,11
2022_SML-02,2022,SML-02,11
2022_SML-03,2022,SML-03,11
2022_SML-04,2022,SML-04,11
2022_SML-05,2022,SML-05,11
2022_SML-06,2022,SML-06,11
2022_SML-07,2022,SML-07,11
2022_SMM-01,2022,SMM-01,11
2022_SMM-02,2022,SMM-02,11
2022_SMM-03,2022,SMM-03,11
2022_SMM-04,2022,SMM-04,11
2022_SMM-05,2022,SMM-05,15
2022_SMM-06,2022,SMM-06,16
2022_SMM-07,2022,SMM-07,11
2022_SMR-01,2022,SMR-01,11
2022_SMR-02,2022,SMR-02,11
2022_SMT-01,2022,SMT-01,11
2022_SMT-02,2022,SMT-02,11
2022_SMT-05,2022,SMT-05,11
2022_SMT-06,2022,SMT-06,11
2022_SMT-07,2022,SMT-07,10
2022_SMTH-18,2022,SMTH-18,11
2022_SMTH-21,2022,SMTH-21,11
2022_SMTH-22,2022,SMTH-22,11
2022_VP-01,2022,VP-01,25
2022_VP-02,2022,VP-02,19
2022_VP-03,2022,VP-03,28
2022_VP-04,2022,VP-04,20
2022_VP-05,2022,VP-05,4
2022_VP-06,2022,VP-06,16
2022_VP-07,2022,VP-07,19
2022_VP-08,2022,VP-08,17
2023_BM-01,2023,BM-01,11
2023_FSP-01,2023,FSP-01,15
2023_GL-02,2023,GL-02,11
2023_GL-07,2023,GL-07,11
2023_GL-09,2023,GL-09,11
2023_GL-10,2023,GL-10,11
2023_GL-11,2023,GL-11,11
2023_GL-12,2023,GL-12,11
2023_GL-14,2023,GL-14,10
2023_GL-15,2023,GL-15,11
2023_PU-02,2023,PU-02,11
2023_PU-03,2023,PU-03,11
2023_PU-04,2023,PU-04,10
2023_PU-05,2023,PU-05,11
2023_PU-06,2023,PU-06,11
2023_PU-07,2023,PU-07,11
2023_SA-01,2023,SA-01,11
2023_SF-01,2023,SF-01,11
2023_SF-02,2023,SF-02,11
2023_SML-01,2023,SML-01,11
2023_SML-02,2023,SML-02,10
2023_SML-03,2023,SML-03,11
2023_SML-04,2023,SML-04,11
2023_SML-05,2023,SML-05,11
2023_SML-06,2023,SML-06,11
2023_SML-07,2023,SML-07,11
2023_SMM-01,2023,SMM-01,11
2023_SMM-02,2023,SMM-02,10
2023_SMM-03,2023,SMM-03,11
2023_SMM-04,2023,SMM-04,11
2023_SMM-05,2023,SMM-05,11
2023_SMM-06,2023,SMM-06,11
2023_SMM-07,2023,SMM-07,11
2023_SMR-01,2023,SMR-01,11
2023_SMR-02,2023,SMR-02,11
2023_SMT-01,2023,SMT-01,11
2023_SMT-02,2023,SMT-02,11
2023_SMT-05,2023,SMT-05,11
2023_SMT-06,2023,SMT-06,11
2023_SMT-07,2023,SMT-07,11
2023_SMTH-18,2023,SMTH-18,11
2023_SMTH-21,2023,SMTH-21,11
2023_SMTH-22,2023,SMTH-22,11
2023_VP-01,2023,VP-01,26
2023_VP-02,2023,VP-02,19
2023_VP-03,2023,VP-03,28
2023_VP-04,2023,VP-04,20
2023_VP-05,2023,VP-05,15
2023_VP-06,2023,VP-06,13
2023_VP-07,2023,VP-07,28
2023_VP-08,2023,VP-08,18
2024_BM-01,2024,BM-01,11
2024_FSP-01,2024,FSP-01,15
2024_GL-02,2024,GL-02,11
2024_GL-07,2024,GL-07,11
2024_GL-09,2024,GL-09,11
2024_GL-10,2024,GL-10,11
2024_GL-11,2024,GL-11,11
2024_GL-12,2024,GL-12,11
2024_GL-14,2024,GL-14,11
2024_GL-15,2024,GL-15,11
2024_PU-01,2024,PU-01,11
2024_PU-02,2024,PU-02,11
2024_PU-03,2024,PU-03,11
2024_PU-04,2024,PU-04,11
2024_PU-05,2024,PU-05,11
2024_PU-06,2024,PU-06,11
2024_PU-07,2024,PU-07,11
2024_SA-01,2024,SA-01,11
2024_SF-01,2024,SF-01,11
2024_SF-02,2024,SF-02,1
2024_SML-01,2024,SML-01,11
2024_SML-02,2024,SML-02,11
2024_SML-03,2024,SML-03,11
2024_SML-04,2024,SML-04,11
2024_SML-05,2024,SML-05,11
2024_SML-06,2024,SML-06,11
2024_SML-07,2024,SML-07,11
2024_SMM-01,2024,SMM-01,11
2024_SMM-02,2024,SMM-02,11
2024_SMM-03,2024,SMM-03,11
2024_SMM-04,2024,SMM-04,11
2024_SMM-05,2024,SMM-05,11
2024_SMM-06,2024,SMM-06,11
2024_SMM-07,2024,SMM-07,11
2024_SMR-01,2024,SMR-01,11
2024_SMR-02,2024,SMR-02,11
2024_SMT-01,2024,SMT-01,11
2024_SMT-02,2024,SMT-02,10
2024_SMT-05,2024,SMT-05,11
2024_SMT-06,2024,SMT-06,11
2024_SMT-07,2024,SMT-07,11
2024_SMTH-18,2024,SMTH-18,11
2024_SMTH-21,2024,SMTH-21,11
2024_SMTH-22,2024,SMTH-22,11
2024_VP-01,2024,VP-01,25
2024_VP-02,2024,VP-02,19
2024_VP-03,2024,VP-03,28
2024_VP-04,2024,VP-04,20
2024_VP-05,2024,VP-05,17
2024_VP-06,2024,VP-06,16
2024_VP-07,2024,VP-07,19
2024_VP-08,2024,VP-08,18
2025_BM-01,2025,BM-01,11
2025_FSP-01,2025,FSP-01,15
2025_GL-02,2025,GL-02,10
2025_GL-07,2025,GL-07,11
2025_GL-09,2025,GL-09,11
2025_GL-10,2025,GL-10,11
2025_GL-11,2025,GL-11,11
2025_GL-12,2025,GL-12,11
2025_GL-14,2025,GL-14,11
2025_GL-15,2025,GL-15,11
2025_PU-02,2025,PU-02,11
2025_PU-03,2025,PU-03,11
2025_PU-04,2025,PU-04,11
2025_PU-05,2025,PU-05,11
2025_PU-06,2025,PU-06,11
2025_SA-01,2025,SA-01,11
2025_SF-01,2025,SF-01,11
2025_SF-02,2025,SF-02,11
2025_SML-01,2025,SML-01,11
2025_SML-02,2025,SML-02,11
2025_SML-03,2025,SML-03,11
2025_SML-04,2025,SML-04,11
2025_SML-05,2025,SML-05,11
2025_SML-06,2025,SML-06,11
2025_SML-07,2025,SML-07,11
2025_SMM-01,2025,SMM-01,11
2025_SMM-02,2025,SMM-02,11
2025_SMM-03,2025,SMM-03,11
2025_SMM-04,2025,SMM-04,11
2025_SMM-05,2025,SMM-05,11
2025_SMM-06,2025,SMM-06,11
2025_SMM-07,2025,SMM-07,11
2025_SMR-01,2025,SMR-01,11
2025_SMR-02,2025,SMR-02,10
2025_SMT-01,2025,SMT-01,11
2025_SMT-02,2025,SMT-02,11
2025_SMT-05,2025,SMT-05,11
2025_SMT-06,2025,SMT-06,11
2025_SMT-07,2025,SMT-07,11
2025_SMTH-18,2025,SMTH-18,11
2025_SMTH-21,2025,SMTH-21,11
2025_SMTH-22,2025,SMTH-22,11
2025_VP-01,2025,VP-01,24
2025_VP-02,2025,VP-02,19
2025_VP-03,2025,VP-03,28
2025_VP-04,2025,VP-04,20
2025_VP-05,2025,VP-05,16
2025_VP-06,2025,VP-06,16
2025_VP-07,2025,VP-07,19
2025_VP-08,2025,VP-08,17
